# Redirects from what the browser requests to what we serve
/artists/surupa/surupa.htm  /surupa.html 301
/artists/bijayini/bijayini.htm  /bijayini.html 301
/artists/protima/protima.htm    /protima.html 301
/expression/bnatyam/bnatyam.htm /gurukula.html 301
/expression/kuchipudi/kuchipudi.htm /gurukula.html 301
/expression/kathakali/kathakali.htm /gurukula.html 301
/village/spaces/odissi_g.htm    /danceprof.html 301
/village/spaces/kathak_g.htm    /gurukula.html 301
/wisdom/apply/Wisdom_Student_Application.pdf    /danceprof.html 301
/artists/rising/rising.htm  /pavithra.html 301
/expression/odissi/odissi.htm   /gurukula.html 301
/village/spaces/amphitheatre.htm    /space.html#amphi 301
/wisdom/training/training3.htm /danceprof.html 301
/village/spaces/guest.htm /supportingartists.html 301
/wisdom/apply/apply1.htm /danceprof.html 301
/6expression/kuchipudi/kuchipudi.htm /gurukula.html 301
/contact/contact1.htm /thingstodo.html#timings 301
/expression/manipuri/manipuri.htm /gurukula.html 301
/passion/habba/habba.htm /popularisingarts.html#vasant 301
/expression/mohini/mohini.htm /gurukula.html 301
/soul/gurukul/gurukul.htm /gurukula.html 301
/5village/trustees/trustees1.htm /board.html 301
/wisdom/training/training.htm /danceprof.html 301
/village/ /space.html 301
/artists/ensemble/ensemble.htm /ensemble.html 301
/artists/protima/images/* /protima.html 301
/wisdom/workshops/workshops1.htm /danceunlimited.html#residential 301
/2wisdom/prog/prog1.htm /danceprof.html 301
/5village/spaces/spaces2.htm /space.html 301
/reviews/reviews.htm /press.html 301
/soul/dream/dream.htm /vision.html 301
/contact/contact.htm /thingstodo.html#timings 301
/wisdom/gyan/gyan.htm /vision.html 301
/soul/future/future.htm /future.html 301
/passion/perform/perform.htm /repertoire.html 301
/village/sponsors/sponsors.htm /support.html 301
/space.htmlsponsors/sponsors.htm /support.html 301
/2wisdom/apply/apply.htm /danceprof.html 301
/soul/ /vision.html 301
/passion/ /ensemble.html 301
/2wisdom/workshops/workshops4.htm /danceunlimited.html 301
/2wisdom/training/training.htm /danceprof.html 301
/5village/spaces/spaces3.htm /space.html 301
/4artists/surupa/surupa.htm /surupa.html 301
/space.htmltrustees/trustees.htm /board.html 301
/2wisdom/workshops/workshops.htm /danceunlimited.html 301
/reviews/r_habba.htm /popularisingarts.html 301
/artists/bijayini/bijayini1.htm /bijayini.html 301
/reviews/r_ensemble.htm /ensemble.html 301
/5village/holistic/holistic.htm /space.html 301
/passion/habba/habba1.htm /popularisingarts.html#vasant 301
/contact/contact2.htm /thingstodo.html#timings 301
/passion/perform/perform1.htm /repertoire.html 301
/space.htmlspaces/spaces0.htm /space.html 301